<?xml version="1.0" encoding="UTF-8"?>
<project-private xmlns="http://www.netbeans.org/ns/project-private/1">
    <editor-bookmarks xmlns="http://www.netbeans.org/ns/editor-bookmarks/2" lastBookmarkId="0"/>
    <open-files xmlns="http://www.netbeans.org/ns/projectui-open-files/2">
        <group>
            <file>file:/C:/Users/limjo/Desktop/chatify_prototyp_v2/src/main/Launch.java</file>
            <file>file:/C:/Users/limjo/Desktop/chatify_prototyp_v2/src/chatify/components/loginCss.css</file>
            <file>file:/C:/Users/limjo/Desktop/chatify_prototyp_v2/src/chatify/controllers/loginC.java</file>
            <file>file:/C:/Users/limjo/Desktop/chatify_prototyp_v2/src/chatify/views/loginV.fxml</file>
        </group>
    </open-files>
</project-private>
