<?xml version="1.0" encoding="UTF-8"?>
<project-private xmlns="http://www.netbeans.org/ns/project-private/1">
    <editor-bookmarks xmlns="http://www.netbeans.org/ns/editor-bookmarks/2" lastBookmarkId="0"/>
    <open-files xmlns="http://www.netbeans.org/ns/projectui-open-files/2">
        <group>
            <file>file:/C:/Users/fb/Documents/Aaa-Schule/SEW/AaaSEWProjekt/chatify_login_register_interface/chatify_application/src/chatifyControllers/interfaceC.java</file>
            <file>file:/C:/Users/fb/Documents/Aaa-Schule/SEW/AaaSEWProjekt/chatify_login_register_interface/chatify_application/src/main/launch.java</file>
            <file>file:/C:/Users/fb/Documents/Aaa-Schule/SEW/AaaSEWProjekt/chatify_login_register_interface/chatify_application/src/chatifyViews/loginRegisterV.fxml</file>
            <file>file:/C:/Users/fb/Documents/Aaa-Schule/SEW/AaaSEWProjekt/chatify_login_register_interface/chatify_application/src/chatifyViews/interfaceV.fxml</file>
            <file>file:/C:/Users/fb/Documents/Aaa-Schule/SEW/AaaSEWProjekt/chatify_login_register_interface/chatify_application/src/chatifyControllers/loginRegisterC.java</file>
        </group>
    </open-files>
</project-private>
